<?xml version="1.0" encoding="UTF-8"?>
<project-private xmlns="http://www.netbeans.org/ns/project-private/1">
    <editor-bookmarks xmlns="http://www.netbeans.org/ns/editor-bookmarks/2" lastBookmarkId="0"/>
    <open-files xmlns="http://www.netbeans.org/ns/projectui-open-files/2">
        <group>
            <file>file:/C:/Users/Mahbub/Desktop/Criminal/Criminal/src/criminal/Criminaldtls.java</file>
            <file>file:/C:/Users/Mahbub/Desktop/Criminal/Criminal/src/criminal/About.java</file>
            <file>file:/C:/Users/Mahbub/Desktop/Criminal/Criminal/src/criminal/Mostawanted.java</file>
            <file>file:/C:/Users/Mahbub/Desktop/Criminal/Criminal/src/criminal/photo.png</file>
            <file>file:/C:/Users/Mahbub/Desktop/Criminal/Criminal/src/criminal/b029_20-f.jpg</file>
            <file>file:/C:/Users/Mahbub/Desktop/Criminal/Criminal/src/criminal/One.java</file>
            <file>file:/C:/Users/Mahbub/Desktop/Criminal/Criminal/src/criminal/Criminal.java</file>
            <file>file:/C:/Users/Mahbub/Desktop/Criminal/Criminal/src/criminal/guns-girls-mania-mixed-girl-aiming-a-pistol-at-you-90190.jpg</file>
            <file>file:/C:/Users/Mahbub/Desktop/Criminal/Criminal/src/criminal/home.java</file>
            <file>file:/C:/Users/Mahbub/Desktop/Criminal/Criminal/src/criminal/thief_robber_crime_criminal_burglar_gangster-512.png</file>
        </group>
    </open-files>
</project-private>
